{
    "Input: 25": {
        "Model: 150": {
            "Genome score: h_human-3": 0.6680534945433088,
            "Genome score: v_sars-cov-2": 0.372700915004541,
            "Accuracy": 0.5175,
            "Precision": 0.5296108291032149,
            "Recall": 0.313,
            "F1": 0.39346323067253297,
            "AUROC": 0.545365
        },
        "Model: 300": {
            "Genome score: h_human-3": 0.8670522355976206,
            "Genome score: v_sars-cov-2": 0.14813938807888324,
            "Accuracy": 0.5085,
            "Precision": 0.5548387096774193,
            "Recall": 0.086,
            "F1": 0.14891774891774892,
            "AUROC": 0.534782
        },
        "Model: 500": {
            "Genome score: h_human-3": 0.9764115927751894,
            "Genome score: v_sars-cov-2": 0.019956117499254557,
            "Accuracy": 0.5,
            "Precision": 0.5,
            "Recall": 0.002,
            "F1": 0.00398406374501992,
            "AUROC": 0.503308
        },
        "Model: 1000": {
            "Genome score: h_human-3": 0.9689526772495228,
            "Genome score: v_sars-cov-2": 0.0357217732433146,
            "Accuracy": 0.502,
            "Precision": 0.6666666666666666,
            "Recall": 0.008,
            "F1": 0.015810276679841896,
            "AUROC": 0.507625
        }
    },
    "Input: 50": {
        "Model: 150": {
            "Genome score: h_human-3": 0.603998223061593,
            "Genome score: v_sars-cov-2": 0.5003768030362844,
            "Accuracy": 0.58,
            "Precision": 0.5934579439252337,
            "Recall": 0.508,
            "F1": 0.5474137931034483,
            "AUROC": 0.6005579999999999
        },
        "Model: 300": {
            "Genome score: h_human-3": 0.7354130951016251,
            "Genome score: v_sars-cov-2": 0.300871853348106,
            "Accuracy": 0.519,
            "Precision": 0.5446009389671361,
            "Recall": 0.232,
            "F1": 0.3253856942496494,
            "AUROC": 0.5565950000000001
        },
        "Model: 500": {
            "Genome score: h_human-3": 0.9123896940837678,
            "Genome score: v_sars-cov-2": 0.11007145634644723,
            "Accuracy": 0.515,
            "Precision": 0.6875,
            "Recall": 0.055,
            "F1": 0.10185185185185185,
            "AUROC": 0.541423
        },
        "Model: 1000": {
            "Genome score: h_human-3": 0.9050351219740262,
            "Genome score: v_sars-cov-2": 0.12832232637488186,
            "Accuracy": 0.51,
            "Precision": 0.5862068965517241,
            "Recall": 0.068,
            "F1": 0.12186379928315415,
            "AUROC": 0.543898
        }
    },
    "Input: 100": {
        "Model: 150": {
            "Genome score: h_human-3": 0.5476421161606142,
            "Genome score: v_sars-cov-2": 0.6460679261442274,
            "Accuracy": 0.642,
            "Precision": 0.6283905967450272,
            "Recall": 0.695,
            "F1": 0.6600189933523267,
            "AUROC": 0.6915549999999999
        },
        "Model: 300": {
            "Genome score: h_human-3": 0.6611155022867368,
            "Genome score: v_sars-cov-2": 0.5030028847981448,
            "Accuracy": 0.6055,
            "Precision": 0.6368352788586251,
            "Recall": 0.491,
            "F1": 0.554488989271598,
            "AUROC": 0.648174
        },
        "Model: 500": {
            "Genome score: h_human-3": 0.8096798311319067,
            "Genome score: v_sars-cov-2": 0.29964640221712946,
            "Accuracy": 0.5625,
            "Precision": 0.6640419947506562,
            "Recall": 0.253,
            "F1": 0.3664011585807386,
            "AUROC": 0.608707
        },
        "Model: 1000": {
            "Genome score: h_human-3": 0.8180625274964914,
            "Genome score: v_sars-cov-2": 0.2605497629017719,
            "Accuracy": 0.5525,
            "Precision": 0.6504297994269341,
            "Recall": 0.227,
            "F1": 0.3365455893254263,
            "AUROC": 0.579573
        }
    },
    "Input: 150": {
        "Model: 150": {
            "Genome score: h_human-3": 0.5201696585361206,
            "Genome score: v_sars-cov-2": 0.6498225999828428,
            "Accuracy": 0.63,
            "Precision": 0.6099830795262268,
            "Recall": 0.721,
            "F1": 0.6608615948670944,
            "AUROC": 0.685584
        },
        "Model: 300": {
            "Genome score: h_human-3": 0.6073055192065198,
            "Genome score: v_sars-cov-2": 0.5527047375658803,
            "Accuracy": 0.5985,
            "Precision": 0.6064864864864865,
            "Recall": 0.561,
            "F1": 0.582857142857143,
            "AUROC": 0.64392
        },
        "Model: 500": {
            "Genome score: h_human-3": 0.7404574198858067,
            "Genome score: v_sars-cov-2": 0.40541792167940005,
            "Accuracy": 0.5885,
            "Precision": 0.6600361663652803,
            "Recall": 0.365,
            "F1": 0.4700579523502898,
            "AUROC": 0.62645
        },
        "Model: 1000": {
            "Genome score: h_human-3": 0.7960565540479315,
            "Genome score: v_sars-cov-2": 0.3107251940902003,
            "Accuracy": 0.5665,
            "Precision": 0.6514806378132119,
            "Recall": 0.286,
            "F1": 0.39749826268241834,
            "AUROC": 0.591458
        }
    },
    "Input: 300": {
        "Model: 150": {
            "Genome score: h_human-3": 0.5101302809785775,
            "Genome score: v_sars-cov-2": 0.6533141941428184,
            "Accuracy": 0.675,
            "Precision": 0.6465661641541038,
            "Recall": 0.772,
            "F1": 0.7037374658158614,
            "AUROC": 0.7365819999999998
        },
        "Model: 300": {
            "Genome score: h_human-3": 0.6100695072448398,
            "Genome score: v_sars-cov-2": 0.6608002632659045,
            "Accuracy": 0.691,
            "Precision": 0.6822519083969466,
            "Recall": 0.715,
            "F1": 0.6982421875,
            "AUROC": 0.745675
        },
        "Model: 500": {
            "Genome score: h_human-3": 0.6314293347964413,
            "Genome score: v_sars-cov-2": 0.6072339196335829,
            "Accuracy": 0.659,
            "Precision": 0.6639175257731958,
            "Recall": 0.644,
            "F1": 0.6538071065989848,
            "AUROC": 0.6990595
        },
        "Model: 1000": {
            "Genome score: h_human-3": 0.7751974849850082,
            "Genome score: v_sars-cov-2": 0.45529842554650524,
            "Accuracy": 0.6385,
            "Precision": 0.7167449139280125,
            "Recall": 0.458,
            "F1": 0.5588773642464918,
            "AUROC": 0.6890755
        }
    },
    "Input: 500": {
        "Model: 150": {
            "Genome score: h_human-3": 0.5260487681627273,
            "Genome score: v_sars-cov-2": 0.607334722906351,
            "Accuracy": 0.717,
            "Precision": 0.6965579710144928,
            "Recall": 0.769,
            "F1": 0.7309885931558936,
            "AUROC": 0.7944955
        },
        "Model: 300": {
            "Genome score: h_human-3": 0.5829758485759375,
            "Genome score: v_sars-cov-2": 0.6742090594992042,
            "Accuracy": 0.7005,
            "Precision": 0.678539626001781,
            "Recall": 0.762,
            "F1": 0.7178520960904381,
            "AUROC": 0.7714050000000001
        },
        "Model: 500": {
            "Genome score: h_human-3": 0.5673854729037557,
            "Genome score: v_sars-cov-2": 0.7346217286083556,
            "Accuracy": 0.689,
            "Precision": 0.6569767441860465,
            "Recall": 0.791,
            "F1": 0.7177858439201452,
            "AUROC": 0.7607195
        },
        "Model: 1000": {
            "Genome score: h_human-3": 0.7819615657128586,
            "Genome score: v_sars-cov-2": 0.5357459093403845,
            "Accuracy": 0.6905,
            "Precision": 0.7613168724279835,